DATAFLOW,LAST UPDATE,freq,unit,stk_flow,nace_r2,partner,geo,TIME_PERIOD,OBS_VALUE,OBS_FLAG,CONF_STATUS
ESTAT:EXT_TEC09(1.0),16/01/26 23:00:00,Annual,Thousand euro,Exports,"Agriculture, forestry and fishing",All countries of the world,Austria,2012,,,
ESTAT:EXT_TEC09(1.0),16/01/26 23:00:00,Annual,Thousand euro,Exports,"Agriculture, forestry and fishing",All countries of the world,Austria,2013,,,
ESTAT:EXT_TEC09(1.0),16/01/26 23:00:00,Annual,Thousand euro,Exports,"Agriculture, forestry and fishing",All countries of the world,Austria,2014,142031.71,,
ESTAT:EXT_TEC09(1.0),16/01/26 23:00:00,Annual,Thousand euro,Exports,"Agriculture, forestry and fishing",All countries of the world,Austria,2015,142444.04,,
ESTAT:EXT_TEC09(1.0),16/01/26 23:00:00,Annual,Thousand euro,Exports,"Agriculture, forestry and fishing",All countries of the world,Austria,2016,155618.74,,
ESTAT:EXT_TEC09(1.0),16/01/26 23:00:00,Annual,Thousand euro,Exports,"Agriculture, forestry and fishing",All countries of the world,Austria,2017,161640.2,,
ESTAT:EXT_TEC09(1.0),16/01/26 23:00:00,Annual,Thousand euro,Exports,"Agriculture, forestry and fishing",All countries of the world,Austria,2018,140236.8,,
ESTAT:EXT_TEC09(1.0),16/01/26 23:00:00,Annual,Thousand euro,Exports,"Agriculture, forestry and fishing",All countries of the world,Austria,2019,134179.61,,
ESTAT:EXT_TEC09(1.0),16/01/26 23:00:00,Annual,Thousand euro,Exports,"Agriculture, forestry and fishing",All countries of the world,Austria,2020,133294.31,,
ESTAT:EXT_TEC09(1.0),16/01/26 23:00:00,Annual,Thousand euro,Exports,"Agriculture, forestry and fishing",All countries of the world,Austria,2021,253202.17,,
ESTAT:EXT_TEC09(1.0),16/01/26 23:00:00,Annual,Thousand euro,Exports,"Agriculture, forestry and fishing",All countries of the world,Austria,2022,302776.8,,
ESTAT:EXT_TEC09(1.0),16/01/26 23:00:00,Annual,Thousand euro,Exports,"Agriculture, forestry and fishing",All countries of the world,Austria,2023,266850.37,,
ESTAT:EXT_TEC09(1.0),16/01/26 23:00:00,Annual,Thousand euro,Exports,"Agriculture, forestry and fishing",All countries of the world,Germany,2012,,,
ESTAT:EXT_TEC09(1.0),16/01/26 23:00:00,Annual,Thousand euro,Exports,"Agriculture, forestry and fishing",All countries of the world,Germany,2013,1520468.12,,
ESTAT:EXT_TEC09(1.0),16/01/26 23:00:00,Annual,Thousand euro,Exports,"Agriculture, forestry and fishing",All countries of the world,Germany,2014,1474112.19,,
ESTAT:EXT_TEC09(1.0),16/01/26 23:00:00,Annual,Thousand euro,Exports,"Agriculture, forestry and fishing",All countries of the world,Germany,2015,1412275.23,,
ESTAT:EXT_TEC09(1.0),16/01/26 23:00:00,Annual,Thousand euro,Exports,"Agriculture, forestry and fishing",All countries of the world,Germany,2016,1505356.78,,
ESTAT:EXT_TEC09(1.0),16/01/26 23:00:00,Annual,Thousand euro,Exports,"Agriculture, forestry and fishing",All countries of the world,Germany,2017,1569261.33,,
ESTAT:EXT_TEC09(1.0),16/01/26 23:00:00,Annual,Thousand euro,Exports,"Agriculture, forestry and fishing",All countries of the world,Germany,2018,1658862.05,,
ESTAT:EXT_TEC09(1.0),16/01/26 23:00:00,Annual,Thousand euro,Exports,"Agriculture, forestry and fishing",All countries of the world,Germany,2019,1725129.06,,
ESTAT:EXT_TEC09(1.0),16/01/26 23:00:00,Annual,Thousand euro,Exports,"Agriculture, forestry and fishing",All countries of the world,Germany,2020,1771842.02,,
ESTAT:EXT_TEC09(1.0),16/01/26 23:00:00,Annual,Thousand euro,Exports,"Agriculture, forestry and fishing",All countries of the world,Germany,2021,1939706.14,,
ESTAT:EXT_TEC09(1.0),16/01/26 23:00:00,Annual,Thousand euro,Exports,"Agriculture, forestry and fishing",All countries of the world,Germany,2022,2272737.24,,
ESTAT:EXT_TEC09(1.0),16/01/26 23:00:00,Annual,Thousand euro,Exports,"Agriculture, forestry and fishing",All countries of the world,Germany,2023,2442428.56,,
ESTAT:EXT_TEC09(1.0),16/01/26 23:00:00,Annual,Thousand euro,Exports,"Agriculture, forestry and fishing",All countries of the world,Spain,2012,,,
ESTAT:EXT_TEC09(1.0),16/01/26 23:00:00,Annual,Thousand euro,Exports,"Agriculture, forestry and fishing",All countries of the world,Spain,2013,,,
ESTAT:EXT_TEC09(1.0),16/01/26 23:00:00,Annual,Thousand euro,Exports,"Agriculture, forestry and fishing",All countries of the world,Spain,2014,2134427.97,,
ESTAT:EXT_TEC09(1.0),16/01/26 23:00:00,Annual,Thousand euro,Exports,"Agriculture, forestry and fishing",All countries of the world,Spain,2015,2567808.45,,
ESTAT:EXT_TEC09(1.0),16/01/26 23:00:00,Annual,Thousand euro,Exports,"Agriculture, forestry and fishing",All countries of the world,Spain,2016,2539156.3,,
ESTAT:EXT_TEC09(1.0),16/01/26 23:00:00,Annual,Thousand euro,Exports,"Agriculture, forestry and fishing",All countries of the world,Spain,2017,2715527.09,,
ESTAT:EXT_TEC09(1.0),16/01/26 23:00:00,Annual,Thousand euro,Exports,"Agriculture, forestry and fishing",All countries of the world,Spain,2018,2872571.97,,
ESTAT:EXT_TEC09(1.0),16/01/26 23:00:00,Annual,Thousand euro,Exports,"Agriculture, forestry and fishing",All countries of the world,Spain,2019,2958977.02,,
ESTAT:EXT_TEC09(1.0),16/01/26 23:00:00,Annual,Thousand euro,Exports,"Agriculture, forestry and fishing",All countries of the world,Spain,2020,2948615.52,,
ESTAT:EXT_TEC09(1.0),16/01/26 23:00:00,Annual,Thousand euro,Exports,"Agriculture, forestry and fishing",All countries of the world,Spain,2021,3054626.7,,
ESTAT:EXT_TEC09(1.0),16/01/26 23:00:00,Annual,Thousand euro,Exports,"Agriculture, forestry and fishing",All countries of the world,Spain,2022,3343325.36,,
ESTAT:EXT_TEC09(1.0),16/01/26 23:00:00,Annual,Thousand euro,Exports,"Agriculture, forestry and fishing",All countries of the world,Spain,2023,3547226.18,,
ESTAT:EXT_TEC09(1.0),16/01/26 23:00:00,Annual,Thousand euro,Exports,"Agriculture, forestry and fishing",All countries of the world,Netherlands,2012,,,
ESTAT:EXT_TEC09(1.0),16/01/26 23:00:00,Annual,Thousand euro,Exports,"Agriculture, forestry and fishing",All countries of the world,Netherlands,2013,,,
ESTAT:EXT_TEC09(1.0),16/01/26 23:00:00,Annual,Thousand euro,Exports,"Agriculture, forestry and fishing",All countries of the world,Netherlands,2014,4490298.57,,
ESTAT:EXT_TEC09(1.0),16/01/26 23:00:00,Annual,Thousand euro,Exports,"Agriculture, forestry and fishing",All countries of the world,Netherlands,2015,4689215.57,,
ESTAT:EXT_TEC09(1.0),16/01/26 23:00:00,Annual,Thousand euro,Exports,"Agriculture, forestry and fishing",All countries of the world,Netherlands,2016,5106117.71,,
ESTAT:EXT_TEC09(1.0),16/01/26 23:00:00,Annual,Thousand euro,Exports,"Agriculture, forestry and fishing",All countries of the world,Netherlands,2017,5081604,,
ESTAT:EXT_TEC09(1.0),16/01/26 23:00:00,Annual,Thousand euro,Exports,"Agriculture, forestry and fishing",All countries of the world,Netherlands,2018,5126457.1,,
ESTAT:EXT_TEC09(1.0),16/01/26 23:00:00,Annual,Thousand euro,Exports,"Agriculture, forestry and fishing",All countries of the world,Netherlands,2019,5452464.01,,
ESTAT:EXT_TEC09(1.0),16/01/26 23:00:00,Annual,Thousand euro,Exports,"Agriculture, forestry and fishing",All countries of the world,Netherlands,2020,5627200.17,,
ESTAT:EXT_TEC09(1.0),16/01/26 23:00:00,Annual,Thousand euro,Exports,"Agriculture, forestry and fishing",All countries of the world,Netherlands,2021,5999875.27,,
ESTAT:EXT_TEC09(1.0),16/01/26 23:00:00,Annual,Thousand euro,Exports,"Agriculture, forestry and fishing",All countries of the world,Netherlands,2022,6476604.3,,
ESTAT:EXT_TEC09(1.0),16/01/26 23:00:00,Annual,Thousand euro,Exports,"Agriculture, forestry and fishing",All countries of the world,Netherlands,2023,6938218.2,,
ESTAT:EXT_TEC09(1.0),16/01/26 23:00:00,Annual,Thousand euro,Exports,"Agriculture, forestry and fishing",All countries of the world,Portugal,2012,,,
ESTAT:EXT_TEC09(1.0),16/01/26 23:00:00,Annual,Thousand euro,Exports,"Agriculture, forestry and fishing",All countries of the world,Portugal,2013,,,
ESTAT:EXT_TEC09(1.0),16/01/26 23:00:00,Annual,Thousand euro,Exports,"Agriculture, forestry and fishing",All countries of the world,Portugal,2014,495805.7,,
ESTAT:EXT_TEC09(1.0),16/01/26 23:00:00,Annual,Thousand euro,Exports,"Agriculture, forestry and fishing",All countries of the world,Portugal,2015,577748.29,,
ESTAT:EXT_TEC09(1.0),16/01/26 23:00:00,Annual,Thousand euro,Exports,"Agriculture, forestry and fishing",All countries of the world,Portugal,2016,644457.51,,
ESTAT:EXT_TEC09(1.0),16/01/26 23:00:00,Annual,Thousand euro,Exports,"Agriculture, forestry and fishing",All countries of the world,Portugal,2017,715060.25,,
ESTAT:EXT_TEC09(1.0),16/01/26 23:00:00,Annual,Thousand euro,Exports,"Agriculture, forestry and fishing",All countries of the world,Portugal,2018,712048.88,,
ESTAT:EXT_TEC09(1.0),16/01/26 23:00:00,Annual,Thousand euro,Exports,"Agriculture, forestry and fishing",All countries of the world,Portugal,2019,764824.28,,
ESTAT:EXT_TEC09(1.0),16/01/26 23:00:00,Annual,Thousand euro,Exports,"Agriculture, forestry and fishing",All countries of the world,Portugal,2020,751286.7,,
ESTAT:EXT_TEC09(1.0),16/01/26 23:00:00,Annual,Thousand euro,Exports,"Agriculture, forestry and fishing",All countries of the world,Portugal,2021,926839.59,,
ESTAT:EXT_TEC09(1.0),16/01/26 23:00:00,Annual,Thousand euro,Exports,"Agriculture, forestry and fishing",All countries of the world,Portugal,2022,1056890.08,,
ESTAT:EXT_TEC09(1.0),16/01/26 23:00:00,Annual,Thousand euro,Exports,"Agriculture, forestry and fishing",All countries of the world,Portugal,2023,1121379.3,,
ESTAT:EXT_TEC09(1.0),16/01/26 23:00:00,Annual,Thousand euro,Exports,Manufacturing,All countries of the world,Austria,2012,,,
ESTAT:EXT_TEC09(1.0),16/01/26 23:00:00,Annual,Thousand euro,Exports,Manufacturing,All countries of the world,Austria,2013,,,
ESTAT:EXT_TEC09(1.0),16/01/26 23:00:00,Annual,Thousand euro,Exports,Manufacturing,All countries of the world,Austria,2014,90699315.51,,
ESTAT:EXT_TEC09(1.0),16/01/26 23:00:00,Annual,Thousand euro,Exports,Manufacturing,All countries of the world,Austria,2015,92951552.34,,
ESTAT:EXT_TEC09(1.0),16/01/26 23:00:00,Annual,Thousand euro,Exports,Manufacturing,All countries of the world,Austria,2016,93587025.62,,
ESTAT:EXT_TEC09(1.0),16/01/26 23:00:00,Annual,Thousand euro,Exports,Manufacturing,All countries of the world,Austria,2017,99489207.09,,
ESTAT:EXT_TEC09(1.0),16/01/26 23:00:00,Annual,Thousand euro,Exports,Manufacturing,All countries of the world,Austria,2018,110910726.79,,
ESTAT:EXT_TEC09(1.0),16/01/26 23:00:00,Annual,Thousand euro,Exports,Manufacturing,All countries of the world,Austria,2019,114779599.64,,
ESTAT:EXT_TEC09(1.0),16/01/26 23:00:00,Annual,Thousand euro,Exports,Manufacturing,All countries of the world,Austria,2020,104744397.12,,
ESTAT:EXT_TEC09(1.0),16/01/26 23:00:00,Annual,Thousand euro,Exports,Manufacturing,All countries of the world,Austria,2021,123691566.77,,
ESTAT:EXT_TEC09(1.0),16/01/26 23:00:00,Annual,Thousand euro,Exports,Manufacturing,All countries of the world,Austria,2022,141170259.97,,
ESTAT:EXT_TEC09(1.0),16/01/26 23:00:00,Annual,Thousand euro,Exports,Manufacturing,All countries of the world,Austria,2023,145608249.45,,
ESTAT:EXT_TEC09(1.0),16/01/26 23:00:00,Annual,Thousand euro,Exports,Manufacturing,All countries of the world,Germany,2012,,,
ESTAT:EXT_TEC09(1.0),16/01/26 23:00:00,Annual,Thousand euro,Exports,Manufacturing,All countries of the world,Germany,2013,749990548.62,,
ESTAT:EXT_TEC09(1.0),16/01/26 23:00:00,Annual,Thousand euro,Exports,Manufacturing,All countries of the world,Germany,2014,775199703.5,,
ESTAT:EXT_TEC09(1.0),16/01/26 23:00:00,Annual,Thousand euro,Exports,Manufacturing,All countries of the world,Germany,2015,824033177.64,,
ESTAT:EXT_TEC09(1.0),16/01/26 23:00:00,Annual,Thousand euro,Exports,Manufacturing,All countries of the world,Germany,2016,825838859.44,,
ESTAT:EXT_TEC09(1.0),16/01/26 23:00:00,Annual,Thousand euro,Exports,Manufacturing,All countries of the world,Germany,2017,869313450.24,,
ESTAT:EXT_TEC09(1.0),16/01/26 23:00:00,Annual,Thousand euro,Exports,Manufacturing,All countries of the world,Germany,2018,930533963.61,,
ESTAT:EXT_TEC09(1.0),16/01/26 23:00:00,Annual,Thousand euro,Exports,Manufacturing,All countries of the world,Germany,2019,931164346.97,,
ESTAT:EXT_TEC09(1.0),16/01/26 23:00:00,Annual,Thousand euro,Exports,Manufacturing,All countries of the world,Germany,2020,843918964.86,,
ESTAT:EXT_TEC09(1.0),16/01/26 23:00:00,Annual,Thousand euro,Exports,Manufacturing,All countries of the world,Germany,2021,945355961.72,,
ESTAT:EXT_TEC09(1.0),16/01/26 23:00:00,Annual,Thousand euro,Exports,Manufacturing,All countries of the world,Germany,2022,1065631510.58,,
ESTAT:EXT_TEC09(1.0),16/01/26 23:00:00,Annual,Thousand euro,Exports,Manufacturing,All countries of the world,Germany,2023,1094181791.72,,
ESTAT:EXT_TEC09(1.0),16/01/26 23:00:00,Annual,Thousand euro,Exports,Manufacturing,All countries of the world,Spain,2012,,,
ESTAT:EXT_TEC09(1.0),16/01/26 23:00:00,Annual,Thousand euro,Exports,Manufacturing,All countries of the world,Spain,2013,,,
ESTAT:EXT_TEC09(1.0),16/01/26 23:00:00,Annual,Thousand euro,Exports,Manufacturing,All countries of the world,Spain,2014,146753268.24,,
ESTAT:EXT_TEC09(1.0),16/01/26 23:00:00,Annual,Thousand euro,Exports,Manufacturing,All countries of the world,Spain,2015,154086562.93,,
ESTAT:EXT_TEC09(1.0),16/01/26 23:00:00,Annual,Thousand euro,Exports,Manufacturing,All countries of the world,Spain,2016,159060568.56,,
ESTAT:EXT_TEC09(1.0),16/01/26 23:00:00,Annual,Thousand euro,Exports,Manufacturing,All countries of the world,Spain,2017,165631663.31,,
ESTAT:EXT_TEC09(1.0),16/01/26 23:00:00,Annual,Thousand euro,Exports,Manufacturing,All countries of the world,Spain,2018,171719101.87,,
ESTAT:EXT_TEC09(1.0),16/01/26 23:00:00,Annual,Thousand euro,Exports,Manufacturing,All countries of the world,Spain,2019,180003380.89,,
ESTAT:EXT_TEC09(1.0),16/01/26 23:00:00,Annual,Thousand euro,Exports,Manufacturing,All countries of the world,Spain,2020,159389102.7,,
ESTAT:EXT_TEC09(1.0),16/01/26 23:00:00,Annual,Thousand euro,Exports,Manufacturing,All countries of the world,Spain,2021,184841193.17,,
ESTAT:EXT_TEC09(1.0),16/01/26 23:00:00,Annual,Thousand euro,Exports,Manufacturing,All countries of the world,Spain,2022,232053850.86,,
ESTAT:EXT_TEC09(1.0),16/01/26 23:00:00,Annual,Thousand euro,Exports,Manufacturing,All countries of the world,Spain,2023,227982603.77,,
ESTAT:EXT_TEC09(1.0),16/01/26 23:00:00,Annual,Thousand euro,Exports,Manufacturing,All countries of the world,Netherlands,2012,,,
ESTAT:EXT_TEC09(1.0),16/01/26 23:00:00,Annual,Thousand euro,Exports,Manufacturing,All countries of the world,Netherlands,2013,,,
ESTAT:EXT_TEC09(1.0),16/01/26 23:00:00,Annual,Thousand euro,Exports,Manufacturing,All countries of the world,Netherlands,2014,126108769.14,,
ESTAT:EXT_TEC09(1.0),16/01/26 23:00:00,Annual,Thousand euro,Exports,Manufacturing,All countries of the world,Netherlands,2015,131521268.52,,
ESTAT:EXT_TEC09(1.0),16/01/26 23:00:00,Annual,Thousand euro,Exports,Manufacturing,All countries of the world,Netherlands,2016,128311015.65,,
ESTAT:EXT_TEC09(1.0),16/01/26 23:00:00,Annual,Thousand euro,Exports,Manufacturing,All countries of the world,Netherlands,2017,139043629.62,,
ESTAT:EXT_TEC09(1.0),16/01/26 23:00:00,Annual,Thousand euro,Exports,Manufacturing,All countries of the world,Netherlands,2018,146668755.12,,
ESTAT:EXT_TEC09(1.0),16/01/26 23:00:00,Annual,Thousand euro,Exports,Manufacturing,All countries of the world,Netherlands,2019,161444823.19,,
ESTAT:EXT_TEC09(1.0),16/01/26 23:00:00,Annual,Thousand euro,Exports,Manufacturing,All countries of the world,Netherlands,2020,144373760.51,,
ESTAT:EXT_TEC09(1.0),16/01/26 23:00:00,Annual,Thousand euro,Exports,Manufacturing,All countries of the world,Netherlands,2021,170023058.61,,
ESTAT:EXT_TEC09(1.0),16/01/26 23:00:00,Annual,Thousand euro,Exports,Manufacturing,All countries of the world,Netherlands,2022,248069895.46,,
ESTAT:EXT_TEC09(1.0),16/01/26 23:00:00,Annual,Thousand euro,Exports,Manufacturing,All countries of the world,Netherlands,2023,238594586.59,,
ESTAT:EXT_TEC09(1.0),16/01/26 23:00:00,Annual,Thousand euro,Exports,Manufacturing,All countries of the world,Portugal,2012,,,
ESTAT:EXT_TEC09(1.0),16/01/26 23:00:00,Annual,Thousand euro,Exports,Manufacturing,All countries of the world,Portugal,2013,,,
ESTAT:EXT_TEC09(1.0),16/01/26 23:00:00,Annual,Thousand euro,Exports,Manufacturing,All countries of the world,Portugal,2014,34680354.26,,
ESTAT:EXT_TEC09(1.0),16/01/26 23:00:00,Annual,Thousand euro,Exports,Manufacturing,All countries of the world,Portugal,2015,36448898.55,,
ESTAT:EXT_TEC09(1.0),16/01/26 23:00:00,Annual,Thousand euro,Exports,Manufacturing,All countries of the world,Portugal,2016,36347582.31,,
ESTAT:EXT_TEC09(1.0),16/01/26 23:00:00,Annual,Thousand euro,Exports,Manufacturing,All countries of the world,Portugal,2017,40267680.8,,
ESTAT:EXT_TEC09(1.0),16/01/26 23:00:00,Annual,Thousand euro,Exports,Manufacturing,All countries of the world,Portugal,2018,42022696.87,,
ESTAT:EXT_TEC09(1.0),16/01/26 23:00:00,Annual,Thousand euro,Exports,Manufacturing,All countries of the world,Portugal,2019,42968199.31,,
ESTAT:EXT_TEC09(1.0),16/01/26 23:00:00,Annual,Thousand euro,Exports,Manufacturing,All countries of the world,Portugal,2020,37463686.79,,
ESTAT:EXT_TEC09(1.0),16/01/26 23:00:00,Annual,Thousand euro,Exports,Manufacturing,All countries of the world,Portugal,2021,45093310.35,,
ESTAT:EXT_TEC09(1.0),16/01/26 23:00:00,Annual,Thousand euro,Exports,Manufacturing,All countries of the world,Portugal,2022,55839198.61,,
ESTAT:EXT_TEC09(1.0),16/01/26 23:00:00,Annual,Thousand euro,Exports,Manufacturing,All countries of the world,Portugal,2023,53136481.11,,
ESTAT:EXT_TEC09(1.0),16/01/26 23:00:00,Annual,Thousand euro,Exports,Construction,All countries of the world,Austria,2012,,,
ESTAT:EXT_TEC09(1.0),16/01/26 23:00:00,Annual,Thousand euro,Exports,Construction,All countries of the world,Austria,2013,,,
ESTAT:EXT_TEC09(1.0),16/01/26 23:00:00,Annual,Thousand euro,Exports,Construction,All countries of the world,Austria,2014,382556.28,,
ESTAT:EXT_TEC09(1.0),16/01/26 23:00:00,Annual,Thousand euro,Exports,Construction,All countries of the world,Austria,2015,371926.1,,
ESTAT:EXT_TEC09(1.0),16/01/26 23:00:00,Annual,Thousand euro,Exports,Construction,All countries of the world,Austria,2016,350792.28,,
ESTAT:EXT_TEC09(1.0),16/01/26 23:00:00,Annual,Thousand euro,Exports,Construction,All countries of the world,Austria,2017,390057.48,,
ESTAT:EXT_TEC09(1.0),16/01/26 23:00:00,Annual,Thousand euro,Exports,Construction,All countries of the world,Austria,2018,499382.29,,
ESTAT:EXT_TEC09(1.0),16/01/26 23:00:00,Annual,Thousand euro,Exports,Construction,All countries of the world,Austria,2019,648962.27,,
ESTAT:EXT_TEC09(1.0),16/01/26 23:00:00,Annual,Thousand euro,Exports,Construction,All countries of the world,Austria,2020,432369.68,,
ESTAT:EXT_TEC09(1.0),16/01/26 23:00:00,Annual,Thousand euro,Exports,Construction,All countries of the world,Austria,2021,444157.49,,
ESTAT:EXT_TEC09(1.0),16/01/26 23:00:00,Annual,Thousand euro,Exports,Construction,All countries of the world,Austria,2022,525811.17,,
ESTAT:EXT_TEC09(1.0),16/01/26 23:00:00,Annual,Thousand euro,Exports,Construction,All countries of the world,Austria,2023,567719.4,,
ESTAT:EXT_TEC09(1.0),16/01/26 23:00:00,Annual,Thousand euro,Exports,Construction,All countries of the world,Germany,2012,,,
ESTAT:EXT_TEC09(1.0),16/01/26 23:00:00,Annual,Thousand euro,Exports,Construction,All countries of the world,Germany,2013,2240463.17,,
ESTAT:EXT_TEC09(1.0),16/01/26 23:00:00,Annual,Thousand euro,Exports,Construction,All countries of the world,Germany,2014,2197998.43,,
ESTAT:EXT_TEC09(1.0),16/01/26 23:00:00,Annual,Thousand euro,Exports,Construction,All countries of the world,Germany,2015,2062060.92,,
ESTAT:EXT_TEC09(1.0),16/01/26 23:00:00,Annual,Thousand euro,Exports,Construction,All countries of the world,Germany,2016,1494916.42,,
ESTAT:EXT_TEC09(1.0),16/01/26 23:00:00,Annual,Thousand euro,Exports,Construction,All countries of the world,Germany,2017,1249621.47,,
ESTAT:EXT_TEC09(1.0),16/01/26 23:00:00,Annual,Thousand euro,Exports,Construction,All countries of the world,Germany,2018,1847599.98,,
ESTAT:EXT_TEC09(1.0),16/01/26 23:00:00,Annual,Thousand euro,Exports,Construction,All countries of the world,Germany,2019,1887769.51,,
ESTAT:EXT_TEC09(1.0),16/01/26 23:00:00,Annual,Thousand euro,Exports,Construction,All countries of the world,Germany,2020,1365746.09,,
ESTAT:EXT_TEC09(1.0),16/01/26 23:00:00,Annual,Thousand euro,Exports,Construction,All countries of the world,Germany,2021,1447191.51,,
ESTAT:EXT_TEC09(1.0),16/01/26 23:00:00,Annual,Thousand euro,Exports,Construction,All countries of the world,Germany,2022,1623230.2,,
ESTAT:EXT_TEC09(1.0),16/01/26 23:00:00,Annual,Thousand euro,Exports,Construction,All countries of the world,Germany,2023,1725924.54,,
ESTAT:EXT_TEC09(1.0),16/01/26 23:00:00,Annual,Thousand euro,Exports,Construction,All countries of the world,Spain,2012,,,
ESTAT:EXT_TEC09(1.0),16/01/26 23:00:00,Annual,Thousand euro,Exports,Construction,All countries of the world,Spain,2013,,,
ESTAT:EXT_TEC09(1.0),16/01/26 23:00:00,Annual,Thousand euro,Exports,Construction,All countries of the world,Spain,2014,869129.36,,
ESTAT:EXT_TEC09(1.0),16/01/26 23:00:00,Annual,Thousand euro,Exports,Construction,All countries of the world,Spain,2015,1227518.29,,
ESTAT:EXT_TEC09(1.0),16/01/26 23:00:00,Annual,Thousand euro,Exports,Construction,All countries of the world,Spain,2016,1133373.49,,
ESTAT:EXT_TEC09(1.0),16/01/26 23:00:00,Annual,Thousand euro,Exports,Construction,All countries of the world,Spain,2017,1203518.34,,
ESTAT:EXT_TEC09(1.0),16/01/26 23:00:00,Annual,Thousand euro,Exports,Construction,All countries of the world,Spain,2018,1245900.09,,
ESTAT:EXT_TEC09(1.0),16/01/26 23:00:00,Annual,Thousand euro,Exports,Construction,All countries of the world,Spain,2019,1291495.08,,
ESTAT:EXT_TEC09(1.0),16/01/26 23:00:00,Annual,Thousand euro,Exports,Construction,All countries of the world,Spain,2020,1050643.95,,
ESTAT:EXT_TEC09(1.0),16/01/26 23:00:00,Annual,Thousand euro,Exports,Construction,All countries of the world,Spain,2021,1302504.42,,
ESTAT:EXT_TEC09(1.0),16/01/26 23:00:00,Annual,Thousand euro,Exports,Construction,All countries of the world,Spain,2022,1391457.24,,
ESTAT:EXT_TEC09(1.0),16/01/26 23:00:00,Annual,Thousand euro,Exports,Construction,All countries of the world,Spain,2023,1512306.2,,
ESTAT:EXT_TEC09(1.0),16/01/26 23:00:00,Annual,Thousand euro,Exports,Construction,All countries of the world,Netherlands,2012,,,
ESTAT:EXT_TEC09(1.0),16/01/26 23:00:00,Annual,Thousand euro,Exports,Construction,All countries of the world,Netherlands,2013,,,
ESTAT:EXT_TEC09(1.0),16/01/26 23:00:00,Annual,Thousand euro,Exports,Construction,All countries of the world,Netherlands,2014,940784.87,,
ESTAT:EXT_TEC09(1.0),16/01/26 23:00:00,Annual,Thousand euro,Exports,Construction,All countries of the world,Netherlands,2015,1127556.66,,
ESTAT:EXT_TEC09(1.0),16/01/26 23:00:00,Annual,Thousand euro,Exports,Construction,All countries of the world,Netherlands,2016,1227542.48,,
ESTAT:EXT_TEC09(1.0),16/01/26 23:00:00,Annual,Thousand euro,Exports,Construction,All countries of the world,Netherlands,2017,1455064.71,,
ESTAT:EXT_TEC09(1.0),16/01/26 23:00:00,Annual,Thousand euro,Exports,Construction,All countries of the world,Netherlands,2018,1319362.46,,
ESTAT:EXT_TEC09(1.0),16/01/26 23:00:00,Annual,Thousand euro,Exports,Construction,All countries of the world,Netherlands,2019,1507316.47,,
ESTAT:EXT_TEC09(1.0),16/01/26 23:00:00,Annual,Thousand euro,Exports,Construction,All countries of the world,Netherlands,2020,1517701.35,,
ESTAT:EXT_TEC09(1.0),16/01/26 23:00:00,Annual,Thousand euro,Exports,Construction,All countries of the world,Netherlands,2021,1672338.81,,
ESTAT:EXT_TEC09(1.0),16/01/26 23:00:00,Annual,Thousand euro,Exports,Construction,All countries of the world,Netherlands,2022,2509518.86,,
ESTAT:EXT_TEC09(1.0),16/01/26 23:00:00,Annual,Thousand euro,Exports,Construction,All countries of the world,Netherlands,2023,2354051.94,,
ESTAT:EXT_TEC09(1.0),16/01/26 23:00:00,Annual,Thousand euro,Exports,Construction,All countries of the world,Portugal,2012,,,
ESTAT:EXT_TEC09(1.0),16/01/26 23:00:00,Annual,Thousand euro,Exports,Construction,All countries of the world,Portugal,2013,,,
ESTAT:EXT_TEC09(1.0),16/01/26 23:00:00,Annual,Thousand euro,Exports,Construction,All countries of the world,Portugal,2014,472518.65,,
ESTAT:EXT_TEC09(1.0),16/01/26 23:00:00,Annual,Thousand euro,Exports,Construction,All countries of the world,Portugal,2015,360827.74,,
ESTAT:EXT_TEC09(1.0),16/01/26 23:00:00,Annual,Thousand euro,Exports,Construction,All countries of the world,Portugal,2016,249032.38,,
ESTAT:EXT_TEC09(1.0),16/01/26 23:00:00,Annual,Thousand euro,Exports,Construction,All countries of the world,Portugal,2017,277905.78,,
ESTAT:EXT_TEC09(1.0),16/01/26 23:00:00,Annual,Thousand euro,Exports,Construction,All countries of the world,Portugal,2018,286569.59,,
ESTAT:EXT_TEC09(1.0),16/01/26 23:00:00,Annual,Thousand euro,Exports,Construction,All countries of the world,Portugal,2019,274552.91,,
ESTAT:EXT_TEC09(1.0),16/01/26 23:00:00,Annual,Thousand euro,Exports,Construction,All countries of the world,Portugal,2020,231011.91,,
ESTAT:EXT_TEC09(1.0),16/01/26 23:00:00,Annual,Thousand euro,Exports,Construction,All countries of the world,Portugal,2021,261607.16,,
ESTAT:EXT_TEC09(1.0),16/01/26 23:00:00,Annual,Thousand euro,Exports,Construction,All countries of the world,Portugal,2022,262611.63,,
ESTAT:EXT_TEC09(1.0),16/01/26 23:00:00,Annual,Thousand euro,Exports,Construction,All countries of the world,Portugal,2023,279681.13,,
ESTAT:EXT_TEC09(1.0),16/01/26 23:00:00,Annual,Thousand euro,Exports,Information and communication,All countries of the world,Austria,2012,,,
ESTAT:EXT_TEC09(1.0),16/01/26 23:00:00,Annual,Thousand euro,Exports,Information and communication,All countries of the world,Austria,2013,,,
ESTAT:EXT_TEC09(1.0),16/01/26 23:00:00,Annual,Thousand euro,Exports,Information and communication,All countries of the world,Austria,2014,276157.25,,
ESTAT:EXT_TEC09(1.0),16/01/26 23:00:00,Annual,Thousand euro,Exports,Information and communication,All countries of the world,Austria,2015,338442.7,,
ESTAT:EXT_TEC09(1.0),16/01/26 23:00:00,Annual,Thousand euro,Exports,Information and communication,All countries of the world,Austria,2016,340518.45,,
ESTAT:EXT_TEC09(1.0),16/01/26 23:00:00,Annual,Thousand euro,Exports,Information and communication,All countries of the world,Austria,2017,345608.29,,
ESTAT:EXT_TEC09(1.0),16/01/26 23:00:00,Annual,Thousand euro,Exports,Information and communication,All countries of the world,Austria,2018,425821.17,,
ESTAT:EXT_TEC09(1.0),16/01/26 23:00:00,Annual,Thousand euro,Exports,Information and communication,All countries of the world,Austria,2019,617010.13,,
ESTAT:EXT_TEC09(1.0),16/01/26 23:00:00,Annual,Thousand euro,Exports,Information and communication,All countries of the world,Austria,2020,460792.82,,
ESTAT:EXT_TEC09(1.0),16/01/26 23:00:00,Annual,Thousand euro,Exports,Information and communication,All countries of the world,Austria,2021,533727.26,,
ESTAT:EXT_TEC09(1.0),16/01/26 23:00:00,Annual,Thousand euro,Exports,Information and communication,All countries of the world,Austria,2022,463626.96,,
ESTAT:EXT_TEC09(1.0),16/01/26 23:00:00,Annual,Thousand euro,Exports,Information and communication,All countries of the world,Austria,2023,595001.01,,
ESTAT:EXT_TEC09(1.0),16/01/26 23:00:00,Annual,Thousand euro,Exports,Information and communication,All countries of the world,Germany,2012,,,
ESTAT:EXT_TEC09(1.0),16/01/26 23:00:00,Annual,Thousand euro,Exports,Information and communication,All countries of the world,Germany,2013,3305623.32,,
ESTAT:EXT_TEC09(1.0),16/01/26 23:00:00,Annual,Thousand euro,Exports,Information and communication,All countries of the world,Germany,2014,3022752.2,,
ESTAT:EXT_TEC09(1.0),16/01/26 23:00:00,Annual,Thousand euro,Exports,Information and communication,All countries of the world,Germany,2015,3471902.5,,
ESTAT:EXT_TEC09(1.0),16/01/26 23:00:00,Annual,Thousand euro,Exports,Information and communication,All countries of the world,Germany,2016,3681013.45,,
ESTAT:EXT_TEC09(1.0),16/01/26 23:00:00,Annual,Thousand euro,Exports,Information and communication,All countries of the world,Germany,2017,5969547.01,,
ESTAT:EXT_TEC09(1.0),16/01/26 23:00:00,Annual,Thousand euro,Exports,Information and communication,All countries of the world,Germany,2018,4722011.47,,
ESTAT:EXT_TEC09(1.0),16/01/26 23:00:00,Annual,Thousand euro,Exports,Information and communication,All countries of the world,Germany,2019,4343524.21,,
ESTAT:EXT_TEC09(1.0),16/01/26 23:00:00,Annual,Thousand euro,Exports,Information and communication,All countries of the world,Germany,2020,3885697.83,,
ESTAT:EXT_TEC09(1.0),16/01/26 23:00:00,Annual,Thousand euro,Exports,Information and communication,All countries of the world,Germany,2021,4347405.14,,
ESTAT:EXT_TEC09(1.0),16/01/26 23:00:00,Annual,Thousand euro,Exports,Information and communication,All countries of the world,Germany,2022,4620353.96,,
ESTAT:EXT_TEC09(1.0),16/01/26 23:00:00,Annual,Thousand euro,Exports,Information and communication,All countries of the world,Germany,2023,5098656.6,,
ESTAT:EXT_TEC09(1.0),16/01/26 23:00:00,Annual,Thousand euro,Exports,Information and communication,All countries of the world,Spain,2012,,,
ESTAT:EXT_TEC09(1.0),16/01/26 23:00:00,Annual,Thousand euro,Exports,Information and communication,All countries of the world,Spain,2013,,,
ESTAT:EXT_TEC09(1.0),16/01/26 23:00:00,Annual,Thousand euro,Exports,Information and communication,All countries of the world,Spain,2014,759068.35,,
ESTAT:EXT_TEC09(1.0),16/01/26 23:00:00,Annual,Thousand euro,Exports,Information and communication,All countries of the world,Spain,2015,766054.29,,
ESTAT:EXT_TEC09(1.0),16/01/26 23:00:00,Annual,Thousand euro,Exports,Information and communication,All countries of the world,Spain,2016,862136.61,,
ESTAT:EXT_TEC09(1.0),16/01/26 23:00:00,Annual,Thousand euro,Exports,Information and communication,All countries of the world,Spain,2017,945864.21,,
ESTAT:EXT_TEC09(1.0),16/01/26 23:00:00,Annual,Thousand euro,Exports,Information and communication,All countries of the world,Spain,2018,939131.24,,
ESTAT:EXT_TEC09(1.0),16/01/26 23:00:00,Annual,Thousand euro,Exports,Information and communication,All countries of the world,Spain,2019,930511.67,,
ESTAT:EXT_TEC09(1.0),16/01/26 23:00:00,Annual,Thousand euro,Exports,Information and communication,All countries of the world,Spain,2020,820880.78,,
ESTAT:EXT_TEC09(1.0),16/01/26 23:00:00,Annual,Thousand euro,Exports,Information and communication,All countries of the world,Spain,2021,865464.19,,
ESTAT:EXT_TEC09(1.0),16/01/26 23:00:00,Annual,Thousand euro,Exports,Information and communication,All countries of the world,Spain,2022,1050148.79,,
ESTAT:EXT_TEC09(1.0),16/01/26 23:00:00,Annual,Thousand euro,Exports,Information and communication,All countries of the world,Spain,2023,1071594.57,,
ESTAT:EXT_TEC09(1.0),16/01/26 23:00:00,Annual,Thousand euro,Exports,Information and communication,All countries of the world,Netherlands,2012,,,
ESTAT:EXT_TEC09(1.0),16/01/26 23:00:00,Annual,Thousand euro,Exports,Information and communication,All countries of the world,Netherlands,2013,,,
ESTAT:EXT_TEC09(1.0),16/01/26 23:00:00,Annual,Thousand euro,Exports,Information and communication,All countries of the world,Netherlands,2014,3634624.9,,
ESTAT:EXT_TEC09(1.0),16/01/26 23:00:00,Annual,Thousand euro,Exports,Information and communication,All countries of the world,Netherlands,2015,3429629.67,,
ESTAT:EXT_TEC09(1.0),16/01/26 23:00:00,Annual,Thousand euro,Exports,Information and communication,All countries of the world,Netherlands,2016,2693427.79,,
ESTAT:EXT_TEC09(1.0),16/01/26 23:00:00,Annual,Thousand euro,Exports,Information and communication,All countries of the world,Netherlands,2017,3061702.48,,
ESTAT:EXT_TEC09(1.0),16/01/26 23:00:00,Annual,Thousand euro,Exports,Information and communication,All countries of the world,Netherlands,2018,4145494.77,,
ESTAT:EXT_TEC09(1.0),16/01/26 23:00:00,Annual,Thousand euro,Exports,Information and communication,All countries of the world,Netherlands,2019,3997365.39,,
ESTAT:EXT_TEC09(1.0),16/01/26 23:00:00,Annual,Thousand euro,Exports,Information and communication,All countries of the world,Netherlands,2020,4296890.24,,
ESTAT:EXT_TEC09(1.0),16/01/26 23:00:00,Annual,Thousand euro,Exports,Information and communication,All countries of the world,Netherlands,2021,4892755.82,,
ESTAT:EXT_TEC09(1.0),16/01/26 23:00:00,Annual,Thousand euro,Exports,Information and communication,All countries of the world,Netherlands,2022,8557867.62,,
ESTAT:EXT_TEC09(1.0),16/01/26 23:00:00,Annual,Thousand euro,Exports,Information and communication,All countries of the world,Netherlands,2023,6931834.31,,
ESTAT:EXT_TEC09(1.0),16/01/26 23:00:00,Annual,Thousand euro,Exports,Information and communication,All countries of the world,Portugal,2012,,,
ESTAT:EXT_TEC09(1.0),16/01/26 23:00:00,Annual,Thousand euro,Exports,Information and communication,All countries of the world,Portugal,2013,,,
ESTAT:EXT_TEC09(1.0),16/01/26 23:00:00,Annual,Thousand euro,Exports,Information and communication,All countries of the world,Portugal,2014,104163.6,,
ESTAT:EXT_TEC09(1.0),16/01/26 23:00:00,Annual,Thousand euro,Exports,Information and communication,All countries of the world,Portugal,2015,93234,,
ESTAT:EXT_TEC09(1.0),16/01/26 23:00:00,Annual,Thousand euro,Exports,Information and communication,All countries of the world,Portugal,2016,100444.47,,
ESTAT:EXT_TEC09(1.0),16/01/26 23:00:00,Annual,Thousand euro,Exports,Information and communication,All countries of the world,Portugal,2017,115721.16,,
ESTAT:EXT_TEC09(1.0),16/01/26 23:00:00,Annual,Thousand euro,Exports,Information and communication,All countries of the world,Portugal,2018,107966.45,,
ESTAT:EXT_TEC09(1.0),16/01/26 23:00:00,Annual,Thousand euro,Exports,Information and communication,All countries of the world,Portugal,2019,156649.49,,
ESTAT:EXT_TEC09(1.0),16/01/26 23:00:00,Annual,Thousand euro,Exports,Information and communication,All countries of the world,Portugal,2020,160591.6,,
ESTAT:EXT_TEC09(1.0),16/01/26 23:00:00,Annual,Thousand euro,Exports,Information and communication,All countries of the world,Portugal,2021,192050.13,,
ESTAT:EXT_TEC09(1.0),16/01/26 23:00:00,Annual,Thousand euro,Exports,Information and communication,All countries of the world,Portugal,2022,288329.14,,
ESTAT:EXT_TEC09(1.0),16/01/26 23:00:00,Annual,Thousand euro,Exports,Information and communication,All countries of the world,Portugal,2023,323584.08,,
ESTAT:EXT_TEC09(1.0),16/01/26 23:00:00,Annual,Thousand euro,Exports,Financial and insurance activities,All countries of the world,Austria,2012,,,
ESTAT:EXT_TEC09(1.0),16/01/26 23:00:00,Annual,Thousand euro,Exports,Financial and insurance activities,All countries of the world,Austria,2013,,,
ESTAT:EXT_TEC09(1.0),16/01/26 23:00:00,Annual,Thousand euro,Exports,Financial and insurance activities,All countries of the world,Austria,2014,201115.06,,
ESTAT:EXT_TEC09(1.0),16/01/26 23:00:00,Annual,Thousand euro,Exports,Financial and insurance activities,All countries of the world,Austria,2015,148185.23,,
ESTAT:EXT_TEC09(1.0),16/01/26 23:00:00,Annual,Thousand euro,Exports,Financial and insurance activities,All countries of the world,Austria,2016,173274.53,,
ESTAT:EXT_TEC09(1.0),16/01/26 23:00:00,Annual,Thousand euro,Exports,Financial and insurance activities,All countries of the world,Austria,2017,159220.36,,
ESTAT:EXT_TEC09(1.0),16/01/26 23:00:00,Annual,Thousand euro,Exports,Financial and insurance activities,All countries of the world,Austria,2018,,,C
ESTAT:EXT_TEC09(1.0),16/01/26 23:00:00,Annual,Thousand euro,Exports,Financial and insurance activities,All countries of the world,Austria,2019,100919,,
ESTAT:EXT_TEC09(1.0),16/01/26 23:00:00,Annual,Thousand euro,Exports,Financial and insurance activities,All countries of the world,Austria,2020,136356.64,,
ESTAT:EXT_TEC09(1.0),16/01/26 23:00:00,Annual,Thousand euro,Exports,Financial and insurance activities,All countries of the world,Austria,2021,,,C
ESTAT:EXT_TEC09(1.0),16/01/26 23:00:00,Annual,Thousand euro,Exports,Financial and insurance activities,All countries of the world,Austria,2022,,,C
ESTAT:EXT_TEC09(1.0),16/01/26 23:00:00,Annual,Thousand euro,Exports,Financial and insurance activities,All countries of the world,Austria,2023,,,C
ESTAT:EXT_TEC09(1.0),16/01/26 23:00:00,Annual,Thousand euro,Exports,Financial and insurance activities,All countries of the world,Germany,2012,,,
ESTAT:EXT_TEC09(1.0),16/01/26 23:00:00,Annual,Thousand euro,Exports,Financial and insurance activities,All countries of the world,Germany,2013,2081539.35,,
ESTAT:EXT_TEC09(1.0),16/01/26 23:00:00,Annual,Thousand euro,Exports,Financial and insurance activities,All countries of the world,Germany,2014,1994290.84,,
ESTAT:EXT_TEC09(1.0),16/01/26 23:00:00,Annual,Thousand euro,Exports,Financial and insurance activities,All countries of the world,Germany,2015,2539880.06,,
ESTAT:EXT_TEC09(1.0),16/01/26 23:00:00,Annual,Thousand euro,Exports,Financial and insurance activities,All countries of the world,Germany,2016,1948022.33,,
ESTAT:EXT_TEC09(1.0),16/01/26 23:00:00,Annual,Thousand euro,Exports,Financial and insurance activities,All countries of the world,Germany,2017,3116995.08,,
ESTAT:EXT_TEC09(1.0),16/01/26 23:00:00,Annual,Thousand euro,Exports,Financial and insurance activities,All countries of the world,Germany,2018,824770.28,,
ESTAT:EXT_TEC09(1.0),16/01/26 23:00:00,Annual,Thousand euro,Exports,Financial and insurance activities,All countries of the world,Germany,2019,820508.56,,
ESTAT:EXT_TEC09(1.0),16/01/26 23:00:00,Annual,Thousand euro,Exports,Financial and insurance activities,All countries of the world,Germany,2020,1162628.48,,
ESTAT:EXT_TEC09(1.0),16/01/26 23:00:00,Annual,Thousand euro,Exports,Financial and insurance activities,All countries of the world,Germany,2021,1344096.87,,
ESTAT:EXT_TEC09(1.0),16/01/26 23:00:00,Annual,Thousand euro,Exports,Financial and insurance activities,All countries of the world,Germany,2022,1016035.06,,
ESTAT:EXT_TEC09(1.0),16/01/26 23:00:00,Annual,Thousand euro,Exports,Financial and insurance activities,All countries of the world,Germany,2023,614544.93,,
ESTAT:EXT_TEC09(1.0),16/01/26 23:00:00,Annual,Thousand euro,Exports,Financial and insurance activities,All countries of the world,Spain,2012,,,
ESTAT:EXT_TEC09(1.0),16/01/26 23:00:00,Annual,Thousand euro,Exports,Financial and insurance activities,All countries of the world,Spain,2013,,,
ESTAT:EXT_TEC09(1.0),16/01/26 23:00:00,Annual,Thousand euro,Exports,Financial and insurance activities,All countries of the world,Spain,2014,40274.71,,
ESTAT:EXT_TEC09(1.0),16/01/26 23:00:00,Annual,Thousand euro,Exports,Financial and insurance activities,All countries of the world,Spain,2015,62976.81,,
ESTAT:EXT_TEC09(1.0),16/01/26 23:00:00,Annual,Thousand euro,Exports,Financial and insurance activities,All countries of the world,Spain,2016,251659.44,,
ESTAT:EXT_TEC09(1.0),16/01/26 23:00:00,Annual,Thousand euro,Exports,Financial and insurance activities,All countries of the world,Spain,2017,352190.38,,
ESTAT:EXT_TEC09(1.0),16/01/26 23:00:00,Annual,Thousand euro,Exports,Financial and insurance activities,All countries of the world,Spain,2018,232366.35,,
ESTAT:EXT_TEC09(1.0),16/01/26 23:00:00,Annual,Thousand euro,Exports,Financial and insurance activities,All countries of the world,Spain,2019,36268.74,,
ESTAT:EXT_TEC09(1.0),16/01/26 23:00:00,Annual,Thousand euro,Exports,Financial and insurance activities,All countries of the world,Spain,2020,46959.72,,
ESTAT:EXT_TEC09(1.0),16/01/26 23:00:00,Annual,Thousand euro,Exports,Financial and insurance activities,All countries of the world,Spain,2021,92969.3,,
ESTAT:EXT_TEC09(1.0),16/01/26 23:00:00,Annual,Thousand euro,Exports,Financial and insurance activities,All countries of the world,Spain,2022,417195.65,,
ESTAT:EXT_TEC09(1.0),16/01/26 23:00:00,Annual,Thousand euro,Exports,Financial and insurance activities,All countries of the world,Spain,2023,262802.94,,
ESTAT:EXT_TEC09(1.0),16/01/26 23:00:00,Annual,Thousand euro,Exports,Financial and insurance activities,All countries of the world,Netherlands,2012,,,
ESTAT:EXT_TEC09(1.0),16/01/26 23:00:00,Annual,Thousand euro,Exports,Financial and insurance activities,All countries of the world,Netherlands,2013,,,
ESTAT:EXT_TEC09(1.0),16/01/26 23:00:00,Annual,Thousand euro,Exports,Financial and insurance activities,All countries of the world,Netherlands,2014,1709562.92,,
ESTAT:EXT_TEC09(1.0),16/01/26 23:00:00,Annual,Thousand euro,Exports,Financial and insurance activities,All countries of the world,Netherlands,2015,1237495.03,,
ESTAT:EXT_TEC09(1.0),16/01/26 23:00:00,Annual,Thousand euro,Exports,Financial and insurance activities,All countries of the world,Netherlands,2016,1293713.68,,
ESTAT:EXT_TEC09(1.0),16/01/26 23:00:00,Annual,Thousand euro,Exports,Financial and insurance activities,All countries of the world,Netherlands,2017,1895998.49,,
ESTAT:EXT_TEC09(1.0),16/01/26 23:00:00,Annual,Thousand euro,Exports,Financial and insurance activities,All countries of the world,Netherlands,2018,2170673.04,,
ESTAT:EXT_TEC09(1.0),16/01/26 23:00:00,Annual,Thousand euro,Exports,Financial and insurance activities,All countries of the world,Netherlands,2019,2161511.79,,
ESTAT:EXT_TEC09(1.0),16/01/26 23:00:00,Annual,Thousand euro,Exports,Financial and insurance activities,All countries of the world,Netherlands,2020,2653409.82,,
ESTAT:EXT_TEC09(1.0),16/01/26 23:00:00,Annual,Thousand euro,Exports,Financial and insurance activities,All countries of the world,Netherlands,2021,3303165.83,,
ESTAT:EXT_TEC09(1.0),16/01/26 23:00:00,Annual,Thousand euro,Exports,Financial and insurance activities,All countries of the world,Netherlands,2022,10924599.65,,
ESTAT:EXT_TEC09(1.0),16/01/26 23:00:00,Annual,Thousand euro,Exports,Financial and insurance activities,All countries of the world,Netherlands,2023,8762714.73,,
ESTAT:EXT_TEC09(1.0),16/01/26 23:00:00,Annual,Thousand euro,Exports,Financial and insurance activities,All countries of the world,Portugal,2012,,,
ESTAT:EXT_TEC09(1.0),16/01/26 23:00:00,Annual,Thousand euro,Exports,Financial and insurance activities,All countries of the world,Portugal,2013,,,
ESTAT:EXT_TEC09(1.0),16/01/26 23:00:00,Annual,Thousand euro,Exports,Financial and insurance activities,All countries of the world,Portugal,2014,468973.75,,
ESTAT:EXT_TEC09(1.0),16/01/26 23:00:00,Annual,Thousand euro,Exports,Financial and insurance activities,All countries of the world,Portugal,2015,368619.07,,
ESTAT:EXT_TEC09(1.0),16/01/26 23:00:00,Annual,Thousand euro,Exports,Financial and insurance activities,All countries of the world,Portugal,2016,169004.83,,
ESTAT:EXT_TEC09(1.0),16/01/26 23:00:00,Annual,Thousand euro,Exports,Financial and insurance activities,All countries of the world,Portugal,2017,3114.5,,
ESTAT:EXT_TEC09(1.0),16/01/26 23:00:00,Annual,Thousand euro,Exports,Financial and insurance activities,All countries of the world,Portugal,2018,,,C
ESTAT:EXT_TEC09(1.0),16/01/26 23:00:00,Annual,Thousand euro,Exports,Financial and insurance activities,All countries of the world,Portugal,2019,,,C
ESTAT:EXT_TEC09(1.0),16/01/26 23:00:00,Annual,Thousand euro,Exports,Financial and insurance activities,All countries of the world,Portugal,2020,2839.67,,
ESTAT:EXT_TEC09(1.0),16/01/26 23:00:00,Annual,Thousand euro,Exports,Financial and insurance activities,All countries of the world,Portugal,2021,9132.64,,
ESTAT:EXT_TEC09(1.0),16/01/26 23:00:00,Annual,Thousand euro,Exports,Financial and insurance activities,All countries of the world,Portugal,2022,15010.72,,
ESTAT:EXT_TEC09(1.0),16/01/26 23:00:00,Annual,Thousand euro,Exports,Financial and insurance activities,All countries of the world,Portugal,2023,17901.9,,
ESTAT:EXT_TEC09(1.0),16/01/26 23:00:00,Annual,Thousand euro,Exports,Real estate activities,All countries of the world,Austria,2012,,,
ESTAT:EXT_TEC09(1.0),16/01/26 23:00:00,Annual,Thousand euro,Exports,Real estate activities,All countries of the world,Austria,2013,,,
ESTAT:EXT_TEC09(1.0),16/01/26 23:00:00,Annual,Thousand euro,Exports,Real estate activities,All countries of the world,Austria,2014,264005.53,,
ESTAT:EXT_TEC09(1.0),16/01/26 23:00:00,Annual,Thousand euro,Exports,Real estate activities,All countries of the world,Austria,2015,146894.66,,
ESTAT:EXT_TEC09(1.0),16/01/26 23:00:00,Annual,Thousand euro,Exports,Real estate activities,All countries of the world,Austria,2016,99411,,
ESTAT:EXT_TEC09(1.0),16/01/26 23:00:00,Annual,Thousand euro,Exports,Real estate activities,All countries of the world,Austria,2017,168643.89,,
ESTAT:EXT_TEC09(1.0),16/01/26 23:00:00,Annual,Thousand euro,Exports,Real estate activities,All countries of the world,Austria,2018,,,C
ESTAT:EXT_TEC09(1.0),16/01/26 23:00:00,Annual,Thousand euro,Exports,Real estate activities,All countries of the world,Austria,2019,122332.92,,
ESTAT:EXT_TEC09(1.0),16/01/26 23:00:00,Annual,Thousand euro,Exports,Real estate activities,All countries of the world,Austria,2020,113297.4,,
ESTAT:EXT_TEC09(1.0),16/01/26 23:00:00,Annual,Thousand euro,Exports,Real estate activities,All countries of the world,Austria,2021,,,C
ESTAT:EXT_TEC09(1.0),16/01/26 23:00:00,Annual,Thousand euro,Exports,Real estate activities,All countries of the world,Austria,2022,,,C
ESTAT:EXT_TEC09(1.0),16/01/26 23:00:00,Annual,Thousand euro,Exports,Real estate activities,All countries of the world,Austria,2023,,,C
ESTAT:EXT_TEC09(1.0),16/01/26 23:00:00,Annual,Thousand euro,Exports,Real estate activities,All countries of the world,Germany,2012,,,
ESTAT:EXT_TEC09(1.0),16/01/26 23:00:00,Annual,Thousand euro,Exports,Real estate activities,All countries of the world,Germany,2013,1456602.02,,
ESTAT:EXT_TEC09(1.0),16/01/26 23:00:00,Annual,Thousand euro,Exports,Real estate activities,All countries of the world,Germany,2014,1942214.36,,
ESTAT:EXT_TEC09(1.0),16/01/26 23:00:00,Annual,Thousand euro,Exports,Real estate activities,All countries of the world,Germany,2015,1594885.81,,
ESTAT:EXT_TEC09(1.0),16/01/26 23:00:00,Annual,Thousand euro,Exports,Real estate activities,All countries of the world,Germany,2016,1689153.65,,
ESTAT:EXT_TEC09(1.0),16/01/26 23:00:00,Annual,Thousand euro,Exports,Real estate activities,All countries of the world,Germany,2017,1606762.59,,
ESTAT:EXT_TEC09(1.0),16/01/26 23:00:00,Annual,Thousand euro,Exports,Real estate activities,All countries of the world,Germany,2018,872414.95,,
ESTAT:EXT_TEC09(1.0),16/01/26 23:00:00,Annual,Thousand euro,Exports,Real estate activities,All countries of the world,Germany,2019,755952.02,,
ESTAT:EXT_TEC09(1.0),16/01/26 23:00:00,Annual,Thousand euro,Exports,Real estate activities,All countries of the world,Germany,2020,652198.66,,
ESTAT:EXT_TEC09(1.0),16/01/26 23:00:00,Annual,Thousand euro,Exports,Real estate activities,All countries of the world,Germany,2021,596624.77,,
ESTAT:EXT_TEC09(1.0),16/01/26 23:00:00,Annual,Thousand euro,Exports,Real estate activities,All countries of the world,Germany,2022,622023.73,,
ESTAT:EXT_TEC09(1.0),16/01/26 23:00:00,Annual,Thousand euro,Exports,Real estate activities,All countries of the world,Germany,2023,681108.35,,
ESTAT:EXT_TEC09(1.0),16/01/26 23:00:00,Annual,Thousand euro,Exports,Real estate activities,All countries of the world,Spain,2012,,,
ESTAT:EXT_TEC09(1.0),16/01/26 23:00:00,Annual,Thousand euro,Exports,Real estate activities,All countries of the world,Spain,2013,,,
ESTAT:EXT_TEC09(1.0),16/01/26 23:00:00,Annual,Thousand euro,Exports,Real estate activities,All countries of the world,Spain,2014,42392.17,,
ESTAT:EXT_TEC09(1.0),16/01/26 23:00:00,Annual,Thousand euro,Exports,Real estate activities,All countries of the world,Spain,2015,158698.84,,
ESTAT:EXT_TEC09(1.0),16/01/26 23:00:00,Annual,Thousand euro,Exports,Real estate activities,All countries of the world,Spain,2016,90051.19,,
ESTAT:EXT_TEC09(1.0),16/01/26 23:00:00,Annual,Thousand euro,Exports,Real estate activities,All countries of the world,Spain,2017,64839.09,,
ESTAT:EXT_TEC09(1.0),16/01/26 23:00:00,Annual,Thousand euro,Exports,Real estate activities,All countries of the world,Spain,2018,121311.57,,
ESTAT:EXT_TEC09(1.0),16/01/26 23:00:00,Annual,Thousand euro,Exports,Real estate activities,All countries of the world,Spain,2019,85980.51,,
ESTAT:EXT_TEC09(1.0),16/01/26 23:00:00,Annual,Thousand euro,Exports,Real estate activities,All countries of the world,Spain,2020,65816.71,,
ESTAT:EXT_TEC09(1.0),16/01/26 23:00:00,Annual,Thousand euro,Exports,Real estate activities,All countries of the world,Spain,2021,85136.11,,
ESTAT:EXT_TEC09(1.0),16/01/26 23:00:00,Annual,Thousand euro,Exports,Real estate activities,All countries of the world,Spain,2022,76696.63,,
ESTAT:EXT_TEC09(1.0),16/01/26 23:00:00,Annual,Thousand euro,Exports,Real estate activities,All countries of the world,Spain,2023,75352.23,,
ESTAT:EXT_TEC09(1.0),16/01/26 23:00:00,Annual,Thousand euro,Exports,Real estate activities,All countries of the world,Netherlands,2012,,,
ESTAT:EXT_TEC09(1.0),16/01/26 23:00:00,Annual,Thousand euro,Exports,Real estate activities,All countries of the world,Netherlands,2013,,,
ESTAT:EXT_TEC09(1.0),16/01/26 23:00:00,Annual,Thousand euro,Exports,Real estate activities,All countries of the world,Netherlands,2014,85833.89,,
ESTAT:EXT_TEC09(1.0),16/01/26 23:00:00,Annual,Thousand euro,Exports,Real estate activities,All countries of the world,Netherlands,2015,88424.5,,
ESTAT:EXT_TEC09(1.0),16/01/26 23:00:00,Annual,Thousand euro,Exports,Real estate activities,All countries of the world,Netherlands,2016,114023.3,,
ESTAT:EXT_TEC09(1.0),16/01/26 23:00:00,Annual,Thousand euro,Exports,Real estate activities,All countries of the world,Netherlands,2017,148268.02,,
ESTAT:EXT_TEC09(1.0),16/01/26 23:00:00,Annual,Thousand euro,Exports,Real estate activities,All countries of the world,Netherlands,2018,127484.51,,
ESTAT:EXT_TEC09(1.0),16/01/26 23:00:00,Annual,Thousand euro,Exports,Real estate activities,All countries of the world,Netherlands,2019,162310.77,,
ESTAT:EXT_TEC09(1.0),16/01/26 23:00:00,Annual,Thousand euro,Exports,Real estate activities,All countries of the world,Netherlands,2020,223695.39,,
ESTAT:EXT_TEC09(1.0),16/01/26 23:00:00,Annual,Thousand euro,Exports,Real estate activities,All countries of the world,Netherlands,2021,287404.37,,
ESTAT:EXT_TEC09(1.0),16/01/26 23:00:00,Annual,Thousand euro,Exports,Real estate activities,All countries of the world,Netherlands,2022,239845.86,,
ESTAT:EXT_TEC09(1.0),16/01/26 23:00:00,Annual,Thousand euro,Exports,Real estate activities,All countries of the world,Netherlands,2023,218502.33,,
ESTAT:EXT_TEC09(1.0),16/01/26 23:00:00,Annual,Thousand euro,Exports,Real estate activities,All countries of the world,Portugal,2012,,,
ESTAT:EXT_TEC09(1.0),16/01/26 23:00:00,Annual,Thousand euro,Exports,Real estate activities,All countries of the world,Portugal,2013,,,
ESTAT:EXT_TEC09(1.0),16/01/26 23:00:00,Annual,Thousand euro,Exports,Real estate activities,All countries of the world,Portugal,2014,24329.51,,
ESTAT:EXT_TEC09(1.0),16/01/26 23:00:00,Annual,Thousand euro,Exports,Real estate activities,All countries of the world,Portugal,2015,29637.58,,
ESTAT:EXT_TEC09(1.0),16/01/26 23:00:00,Annual,Thousand euro,Exports,Real estate activities,All countries of the world,Portugal,2016,31943.29,,
ESTAT:EXT_TEC09(1.0),16/01/26 23:00:00,Annual,Thousand euro,Exports,Real estate activities,All countries of the world,Portugal,2017,37116.92,,
ESTAT:EXT_TEC09(1.0),16/01/26 23:00:00,Annual,Thousand euro,Exports,Real estate activities,All countries of the world,Portugal,2018,,,C
ESTAT:EXT_TEC09(1.0),16/01/26 23:00:00,Annual,Thousand euro,Exports,Real estate activities,All countries of the world,Portugal,2019,,,C
ESTAT:EXT_TEC09(1.0),16/01/26 23:00:00,Annual,Thousand euro,Exports,Real estate activities,All countries of the world,Portugal,2020,58980.4,,
ESTAT:EXT_TEC09(1.0),16/01/26 23:00:00,Annual,Thousand euro,Exports,Real estate activities,All countries of the world,Portugal,2021,50847.73,,
ESTAT:EXT_TEC09(1.0),16/01/26 23:00:00,Annual,Thousand euro,Exports,Real estate activities,All countries of the world,Portugal,2022,81067.63,,
ESTAT:EXT_TEC09(1.0),16/01/26 23:00:00,Annual,Thousand euro,Exports,Real estate activities,All countries of the world,Portugal,2023,38567.25,,
ESTAT:EXT_TEC09(1.0),16/01/26 23:00:00,Annual,Thousand euro,Exports,Total - all NACE activities,All countries of the world,Austria,2012,,,
ESTAT:EXT_TEC09(1.0),16/01/26 23:00:00,Annual,Thousand euro,Exports,Total - all NACE activities,All countries of the world,Austria,2013,,,
ESTAT:EXT_TEC09(1.0),16/01/26 23:00:00,Annual,Thousand euro,Exports,Total - all NACE activities,All countries of the world,Austria,2014,129682013.15,,
ESTAT:EXT_TEC09(1.0),16/01/26 23:00:00,Annual,Thousand euro,Exports,Total - all NACE activities,All countries of the world,Austria,2015,133525132.3,,
ESTAT:EXT_TEC09(1.0),16/01/26 23:00:00,Annual,Thousand euro,Exports,Total - all NACE activities,All countries of the world,Austria,2016,134136781.78,,
ESTAT:EXT_TEC09(1.0),16/01/26 23:00:00,Annual,Thousand euro,Exports,Total - all NACE activities,All countries of the world,Austria,2017,145026588.39,,
ESTAT:EXT_TEC09(1.0),16/01/26 23:00:00,Annual,Thousand euro,Exports,Total - all NACE activities,All countries of the world,Austria,2018,147103166.87,,
ESTAT:EXT_TEC09(1.0),16/01/26 23:00:00,Annual,Thousand euro,Exports,Total - all NACE activities,All countries of the world,Austria,2019,150498352.2,,
ESTAT:EXT_TEC09(1.0),16/01/26 23:00:00,Annual,Thousand euro,Exports,Total - all NACE activities,All countries of the world,Austria,2020,140145446.07,,
ESTAT:EXT_TEC09(1.0),16/01/26 23:00:00,Annual,Thousand euro,Exports,Total - all NACE activities,All countries of the world,Austria,2021,161841780.96,,
ESTAT:EXT_TEC09(1.0),16/01/26 23:00:00,Annual,Thousand euro,Exports,Total - all NACE activities,All countries of the world,Austria,2022,188902321.49,,
ESTAT:EXT_TEC09(1.0),16/01/26 23:00:00,Annual,Thousand euro,Exports,Total - all NACE activities,All countries of the world,Austria,2023,194831021.76,,
ESTAT:EXT_TEC09(1.0),16/01/26 23:00:00,Annual,Thousand euro,Exports,Total - all NACE activities,All countries of the world,Germany,2012,,,
ESTAT:EXT_TEC09(1.0),16/01/26 23:00:00,Annual,Thousand euro,Exports,Total - all NACE activities,All countries of the world,Germany,2013,978819583.93,,
ESTAT:EXT_TEC09(1.0),16/01/26 23:00:00,Annual,Thousand euro,Exports,Total - all NACE activities,All countries of the world,Germany,2014,1006965633.03,,
ESTAT:EXT_TEC09(1.0),16/01/26 23:00:00,Annual,Thousand euro,Exports,Total - all NACE activities,All countries of the world,Germany,2015,1066962731.99,,
ESTAT:EXT_TEC09(1.0),16/01/26 23:00:00,Annual,Thousand euro,Exports,Total - all NACE activities,All countries of the world,Germany,2016,1071186489.61,,
ESTAT:EXT_TEC09(1.0),16/01/26 23:00:00,Annual,Thousand euro,Exports,Total - all NACE activities,All countries of the world,Germany,2017,1136267176.52,,
ESTAT:EXT_TEC09(1.0),16/01/26 23:00:00,Annual,Thousand euro,Exports,Total - all NACE activities,All countries of the world,Germany,2018,1167865908.51,,
ESTAT:EXT_TEC09(1.0),16/01/26 23:00:00,Annual,Thousand euro,Exports,Total - all NACE activities,All countries of the world,Germany,2019,1174280909.82,,
ESTAT:EXT_TEC09(1.0),16/01/26 23:00:00,Annual,Thousand euro,Exports,Total - all NACE activities,All countries of the world,Germany,2020,1068090720.28,,
ESTAT:EXT_TEC09(1.0),16/01/26 23:00:00,Annual,Thousand euro,Exports,Total - all NACE activities,All countries of the world,Germany,2021,1206847400.52,,
ESTAT:EXT_TEC09(1.0),16/01/26 23:00:00,Annual,Thousand euro,Exports,Total - all NACE activities,All countries of the world,Germany,2022,1377605672.24,,
ESTAT:EXT_TEC09(1.0),16/01/26 23:00:00,Annual,Thousand euro,Exports,Total - all NACE activities,All countries of the world,Germany,2023,1375272065.31,,
ESTAT:EXT_TEC09(1.0),16/01/26 23:00:00,Annual,Thousand euro,Exports,Total - all NACE activities,All countries of the world,Spain,2012,,,
ESTAT:EXT_TEC09(1.0),16/01/26 23:00:00,Annual,Thousand euro,Exports,Total - all NACE activities,All countries of the world,Spain,2013,,,
ESTAT:EXT_TEC09(1.0),16/01/26 23:00:00,Annual,Thousand euro,Exports,Total - all NACE activities,All countries of the world,Spain,2014,218820651.57,,
ESTAT:EXT_TEC09(1.0),16/01/26 23:00:00,Annual,Thousand euro,Exports,Total - all NACE activities,All countries of the world,Spain,2015,232243255.53,,
ESTAT:EXT_TEC09(1.0),16/01/26 23:00:00,Annual,Thousand euro,Exports,Total - all NACE activities,All countries of the world,Spain,2016,239810172.22,,
ESTAT:EXT_TEC09(1.0),16/01/26 23:00:00,Annual,Thousand euro,Exports,Total - all NACE activities,All countries of the world,Spain,2017,255952421.59,,
ESTAT:EXT_TEC09(1.0),16/01/26 23:00:00,Annual,Thousand euro,Exports,Total - all NACE activities,All countries of the world,Spain,2018,266926781.7,,
ESTAT:EXT_TEC09(1.0),16/01/26 23:00:00,Annual,Thousand euro,Exports,Total - all NACE activities,All countries of the world,Spain,2019,267249381.4,,
ESTAT:EXT_TEC09(1.0),16/01/26 23:00:00,Annual,Thousand euro,Exports,Total - all NACE activities,All countries of the world,Spain,2020,241781088.17,,
ESTAT:EXT_TEC09(1.0),16/01/26 23:00:00,Annual,Thousand euro,Exports,Total - all NACE activities,All countries of the world,Spain,2021,286580033.56,,
ESTAT:EXT_TEC09(1.0),16/01/26 23:00:00,Annual,Thousand euro,Exports,Total - all NACE activities,All countries of the world,Spain,2022,343203896.6,,
ESTAT:EXT_TEC09(1.0),16/01/26 23:00:00,Annual,Thousand euro,Exports,Total - all NACE activities,All countries of the world,Spain,2023,344748002.84,,
ESTAT:EXT_TEC09(1.0),16/01/26 23:00:00,Annual,Thousand euro,Exports,Total - all NACE activities,All countries of the world,Netherlands,2012,,,
ESTAT:EXT_TEC09(1.0),16/01/26 23:00:00,Annual,Thousand euro,Exports,Total - all NACE activities,All countries of the world,Netherlands,2013,,,
ESTAT:EXT_TEC09(1.0),16/01/26 23:00:00,Annual,Thousand euro,Exports,Total - all NACE activities,All countries of the world,Netherlands,2014,340700538.6,,
ESTAT:EXT_TEC09(1.0),16/01/26 23:00:00,Annual,Thousand euro,Exports,Total - all NACE activities,All countries of the world,Netherlands,2015,338438254.22,,
ESTAT:EXT_TEC09(1.0),16/01/26 23:00:00,Annual,Thousand euro,Exports,Total - all NACE activities,All countries of the world,Netherlands,2016,343041205.27,,
ESTAT:EXT_TEC09(1.0),16/01/26 23:00:00,Annual,Thousand euro,Exports,Total - all NACE activities,All countries of the world,Netherlands,2017,370353771.51,,
ESTAT:EXT_TEC09(1.0),16/01/26 23:00:00,Annual,Thousand euro,Exports,Total - all NACE activities,All countries of the world,Netherlands,2018,389522408.02,,
ESTAT:EXT_TEC09(1.0),16/01/26 23:00:00,Annual,Thousand euro,Exports,Total - all NACE activities,All countries of the world,Netherlands,2019,410833983.05,,
ESTAT:EXT_TEC09(1.0),16/01/26 23:00:00,Annual,Thousand euro,Exports,Total - all NACE activities,All countries of the world,Netherlands,2020,387839057.96,,
ESTAT:EXT_TEC09(1.0),16/01/26 23:00:00,Annual,Thousand euro,Exports,Total - all NACE activities,All countries of the world,Netherlands,2021,478355753.76,,
ESTAT:EXT_TEC09(1.0),16/01/26 23:00:00,Annual,Thousand euro,Exports,Total - all NACE activities,All countries of the world,Netherlands,2022,761223555.76,,
ESTAT:EXT_TEC09(1.0),16/01/26 23:00:00,Annual,Thousand euro,Exports,Total - all NACE activities,All countries of the world,Netherlands,2023,742092844.85,,
ESTAT:EXT_TEC09(1.0),16/01/26 23:00:00,Annual,Thousand euro,Exports,Total - all NACE activities,All countries of the world,Portugal,2012,,,
ESTAT:EXT_TEC09(1.0),16/01/26 23:00:00,Annual,Thousand euro,Exports,Total - all NACE activities,All countries of the world,Portugal,2013,,,
ESTAT:EXT_TEC09(1.0),16/01/26 23:00:00,Annual,Thousand euro,Exports,Total - all NACE activities,All countries of the world,Portugal,2014,47004395.33,,
ESTAT:EXT_TEC09(1.0),16/01/26 23:00:00,Annual,Thousand euro,Exports,Total - all NACE activities,All countries of the world,Portugal,2015,48563302.38,,
ESTAT:EXT_TEC09(1.0),16/01/26 23:00:00,Annual,Thousand euro,Exports,Total - all NACE activities,All countries of the world,Portugal,2016,48972941.61,,
ESTAT:EXT_TEC09(1.0),16/01/26 23:00:00,Annual,Thousand euro,Exports,Total - all NACE activities,All countries of the world,Portugal,2017,53771229.93,,
ESTAT:EXT_TEC09(1.0),16/01/26 23:00:00,Annual,Thousand euro,Exports,Total - all NACE activities,All countries of the world,Portugal,2018,52973020.71,,
ESTAT:EXT_TEC09(1.0),16/01/26 23:00:00,Annual,Thousand euro,Exports,Total - all NACE activities,All countries of the world,Portugal,2019,54555265.3,,
ESTAT:EXT_TEC09(1.0),16/01/26 23:00:00,Annual,Thousand euro,Exports,Total - all NACE activities,All countries of the world,Portugal,2020,47735515.99,,
ESTAT:EXT_TEC09(1.0),16/01/26 23:00:00,Annual,Thousand euro,Exports,Total - all NACE activities,All countries of the world,Portugal,2021,56020753.07,,
ESTAT:EXT_TEC09(1.0),16/01/26 23:00:00,Annual,Thousand euro,Exports,Total - all NACE activities,All countries of the world,Portugal,2022,69312255.2,,
ESTAT:EXT_TEC09(1.0),16/01/26 23:00:00,Annual,Thousand euro,Exports,Total - all NACE activities,All countries of the world,Portugal,2023,66862042.26,,
